Workbook

Sheet Financial Model
A1: Tháng | B1: Số nhân sự | C1: GTDN (Doanh thu) | D1: Lãi tháng | E1: Tổng lương chi | F1: Số dư vốn
A2: 0 | B2: =Assumptions!$B$5 -> 30 | C2: =Assumptions!$B$2 -> 2000000000 | D2: 0 | E2: 0 | F2: =C2 -> 2000000000
A3: 1 | B3: =B2+Assumptions!$B$6 -> 31 | C3: =C2*(1+Assumptions!$B$3) -> 2100000000 | D3: =Assumptions!$B$3*C2 -> 100000000 | E3: =B3*Assumptions!$B$4 -> 217000000 | F3: =F2+D3-E3 -> 1883000000
A4: 2 | B4: =B3+Assumptions!$B$6 -> 32 | C4: =C3*(1+Assumptions!$B$3) -> 2205000000 | D4: =Assumptions!$B$3*C3 -> 105000000 | E4: =B4*Assumptions!$B$4 -> 224000000 | F4: =F3+D4-E4 -> 1764000000
A5: 3 | B5: =B4+Assumptions!$B$6 -> 33 | C5: =C4*(1+Assumptions!$B$3) -> 2315250000 | D5: =Assumptions!$B$3*C4 -> 110250000 | E5: =B5*Assumptions!$B$4 -> 231000000 | F5: =F4+D5-E5 -> 1643250000
A6: 4 | B6: =B5+Assumptions!$B$6 -> 34 | C6: =C5*(1+Assumptions!$B$3) -> 2431012500 | D6: =Assumptions!$B$3*C5 -> 115762500 | E6: =B6*Assumptions!$B$4 -> 238000000 | F6: =F5+D6-E6 -> 1521012500
A7: 5 | B7: =B6+Assumptions!$B$6 -> 35 | C7: =C6*(1+Assumptions!$B$3) -> 2552563125 | D7: =Assumptions!$B$3*C6 -> 121550625 | E7: =B7*Assumptions!$B$4 -> 245000000 | F7: =F6+D7-E7 -> 1397563125
A8: 6 | B8: =B7+Assumptions!$B$6 -> 36 | C8: =C7*(1+Assumptions!$B$3) -> 2.6801913e+09 | D8: =Assumptions!$B$3*C7 -> 1.2762816e+08 | E8: =B8*Assumptions!$B$4 -> 252000000 | F8: =F7+D8-E8 -> 1.2731913e+09
A9: 7 | B9: =B8+Assumptions!$B$6 -> 37 | C9: =C8*(1+Assumptions!$B$3) -> 2.8142008e+09 | D9: =Assumptions!$B$3*C8 -> 1.3400956e+08 | E9: =B9*Assumptions!$B$4 -> 259000000 | F9: =F8+D9-E9 -> 1.1482008e+09
A10: 8 | B10: =B9+Assumptions!$B$6 -> 38 | C10: =C9*(1+Assumptions!$B$3) -> 2.9549109e+09 | D10: =Assumptions!$B$3*C9 -> 1.4071004e+08 | E10: =B10*Assumptions!$B$4 -> 266000000 | F10: =F9+D10-E10 -> 1.0229109e+09
A11: 9 | B11: =B10+Assumptions!$B$6 -> 39 | C11: =C10*(1+Assumptions!$B$3) -> 3.1026564e+09 | D11: =Assumptions!$B$3*C10 -> 1.4774554e+08 | E11: =B11*Assumptions!$B$4 -> 273000000 | F11: =F10+D11-E11 -> 8.9765643e+08
A12: 10 | B12: =B11+Assumptions!$B$6 -> 40 | C12: =C11*(1+Assumptions!$B$3) -> 3.2577893e+09 | D12: =Assumptions!$B$3*C11 -> 1.5513282e+08 | E12: =B12*Assumptions!$B$4 -> 280000000 | F12: =F11+D12-E12 -> 7.7278925e+08
A13: 11 | B13: =B12+Assumptions!$B$6 -> 41 | C13: =C12*(1+Assumptions!$B$3) -> 3.4206787e+09 | D13: =Assumptions!$B$3*C12 -> 1.6288946e+08 | E13: =B13*Assumptions!$B$4 -> 287000000 | F13: =F12+D13-E13 -> 6.4867872e+08
A14: 12 | B14: =B13+Assumptions!$B$6 -> 42 | C14: =C13*(1+Assumptions!$B$3) -> 3.5917127e+09 | D14: =Assumptions!$B$3*C13 -> 1.7103394e+08 | E14: =B14*Assumptions!$B$4 -> 294000000 | F14: =F13+D14-E14 -> 5.2571265e+08

Sheet Assumptions
A1: Tham số | B1: Giá trị
A2: Vốn đầu tư ban đầu (VND) | B2: 2000000000
A3: Tỷ lệ tăng trưởng hàng tháng | B3: 0.05
A4: Lương bình quân (VND/người) | B4: 7000000
A5: Số nhân sự ban đầu | B5: 30
A6: Tuyển mới hàng tháng | B6: 1

Sheet Dau_vao
A1: SECTION 1: THÔNG SỐ CỐ ĐỊNH
A2: Vốn đầu tư ban đầu | B2: =Assumptions!$B$2 -> 2000000000
A3: Tỷ lệ tăng trưởng | B3: =Assumptions!$B$3 -> 0.05
A4: Lương bình quân (Avg Salary) | B4: =Assumptions!$B$4 -> 7000000
A5: Tỷ lệ Lương cứng (Base %) | B5: 0.7
A6: Tỷ lệ Thưởng KPI (KPI %) | B6: 0.3
A8: SECTION 2-4: CƠ CẤU NHÂN SỰ
A9: Ban | B9: Role | C9: Số người | D9: Lương cơ bản | E9: Thưởng KPI | F9: Hệ số (Coef)
A10: Marketing | B10: Manager | C10: 1 | D10: =$B$4 * $F10 * $B$5 -> 12250000 | E10: =$B$4 * $F10 * $B$6 -> 5250000 | F10: 2.5
A11: Marketing | B11: Performance | C11: 2 | D11: =$B$4 * $F11 * $B$5 -> 7350000 | E11: =$B$4 * $F11 * $B$6 -> 3150000 | F11: 1.5
A12: Marketing | B12: Content | C12: 2 | D12: =$B$4 * $F12 * $B$5 -> 5880000 | E12: =$B$4 * $F12 * $B$6 -> 2520000 | F12: 1.2
A13: Marketing | B13: Creative | C13: 1 | D13: =$B$4 * $F13 * $B$5 -> 6370000 | E13: =$B$4 * $F13 * $B$6 -> 2730000 | F13: 1.3
A14: Sales | B14: Teamlead | C14: 1 | D14: =$B$4 * $F14 * $B$5 -> 9800000 | E14: =$B$4 * $F14 * $B$6 -> 4200000 | F14: 2
A15: Sales | B15: Defence | C15: 2 | D15: =$B$4 * $F15 * $B$5 -> 5880000 | E15: =$B$4 * $F15 * $B$6 -> 2520000 | F15: 1.2
A16: Sales | B16: Member | C16: 5 | D16: =$B$4 * $F16 * $B$5 -> 4900000 | E16: =$B$4 * $F16 * $B$6 -> 2100000 | F16: 1
A17: Accountant | B17: Accountant | C17: 1 | D17: =$B$4 * $F17 * $B$5 -> 7350000 | E17: =$B$4 * $F17 * $B$6 -> 3150000 | F17: 1.5
A18: Tech | B18: Automation | C18: 1 | D18: =$B$4 * $F18 * $B$5 -> 9800000 | E18: =$B$4 * $F18 * $B$6 -> 4200000 | F18: 2
A19: Tech | B19: Fullstack | C19: 2 | D19: =$B$4 * $F19 * $B$5 -> 10780000 | E19: =$B$4 * $F19 * $B$6 -> 4620000 | F19: 2.2
A20: Tech | B20: DevOps | C20: 1 | D20: =$B$4 * $F20 * $B$5 -> 12250000 | E20: =$B$4 * $F20 * $B$6 -> 5250000 | F20: 2.5
A21: OPS | B21: Quản lý vận hành | C21: 1 | D21: =$B$4 * $F21 * $B$5 -> 10780000 | E21: =$B$4 * $F21 * $B$6 -> 4620000 | F21: 2.2
... A24: OPS | B24: Hỗ trợ vận hành | C24: 2 | D24: =$B$4 * $F24 * $B$5 -> 4900000 | E24: =$B$4 * $F24 * $B$6 -> 2100000 | F24: 1

Sheet Luong_theo_ban
A1: Tháng | B1: Ban | C1: Role | D1: Số người | E1: Lương cứng | F1: Thưởng KPI | G1: Tổng role | H1: Tổng ban
A2: 1 | B2: Marketing | C2: Manager | D2: =Dau_vao!$C$10 -> 1 | E2: =Dau_vao!$D$10 -> 12250000 | F2: =Dau_vao!$E$10 -> 5250000 | G2: =D2*(E2+F2) -> 17500000 | H2: =SUMIFS(G:G, A:A, A2, B:B, B2) -> 64400000
A3: 1 | B3: Marketing | C3: Performance | D3: =Dau_vao!$C$11 -> 2 | E3: =Dau_vao!$D$11 -> 7350000 | F3: =Dau_vao!$E$11 -> 3150000 | G3: =D3*(E3+F3) -> 21000000 | H3: =SUMIFS(G:G, A:A, A3, B:B, B3) -> 64400000
A4: 1 | B4: Marketing | C4: Content | D4: =Dau_vao!$C$12 -> 2 | E4: =Dau_vao!$D$12 -> 5880000 | F4: =Dau_vao!$E$12 -> 2520000 | G4: =D4*(E4+F4) -> 16800000 | H4: =SUMIFS(G:G, A:A, A4, B:B, B4) -> 64400000
A5: 1 | B5: Marketing | C5: Creative | D5: =Dau_vao!$C$13 -> 1 | E5: =Dau_vao!$D$13 -> 6370000 | F5: =Dau_vao!$E$13 -> 2730000 | G5: =D5*(E5+F5) -> 9100000 | H5: =SUMIFS(G:G, A:A, A5, B:B, B5) -> 64400000
A6: 1 | B6: Sales | C6: Teamlead | D6: =Dau_vao!$C$14 -> 1 | E6: =Dau_vao!$D$14 -> 9800000 | F6: =Dau_vao!$E$14 -> 4200000 | G6: =D6*(E6+F6) -> 14000000 | H6: =SUMIFS(G:G, A:A, A6, B:B, B6) -> 72800000
A7: 1 | B7: Sales | C7: Defence | D7: =Dau_vao!$C$15 -> 2 | E7: =Dau_vao!$D$15 -> 5880000 | F7: =Dau_vao!$E$15 -> 2520000 | G7: =D7*(E7+F7) -> 16800000 | H7: =SUMIFS(G:G, A:A, A7, B:B, B7) -> 72800000
A8: 1 | B8: Sales | C8: Member | D8: =Dau_vao!$C$16 + (1 * Assumptions!$B$6) -> 6 | E8: =Dau_vao!$D$16 -> 4900000 | F8: =Dau_vao!$E$16 -> 2100000 | G8: =D8*(E8+F8) -> 42000000 | H8: =SUMIFS(G:G, A:A, A8, B:B, B8) -> 72800000
A9: 1 | B9: Accountant | C9: Accountant | D9: =Dau_vao!$C$17 -> 1 | E9: =Dau_vao!$D$17 -> 7350000 | F9: =Dau_vao!$E$17 -> 3150000 | G9: =D9*(E9+F9) -> 10500000 | H9: =SUMIFS(G:G, A:A, A9, B:B, B9) -> 10500000
A10: 1 | B10: Tech | C10: Automation | D10: =Dau_vao!$C$18 -> 1 | E10: =Dau_vao!$D$18 -> 9800000 | F10: =Dau_vao!$E$18 -> 4200000 | G10: =D10*(E10+F10) -> 14000000 | H10: =SUMIFS(G:G, A:A, A10, B:B, B10) -> 62300000
A11: 1 | B11: Tech | C11: Fullstack | D11: =Dau_vao!$C$19 -> 2 | E11: =Dau_vao!$D$19 -> 10780000 | F11: =Dau_vao!$E$19 -> 4620000 | G11: =D11*(E11+F11) -> 30800000 | H11: =SUMIFS(G:G, A:A, A11, B:B, B11) -> 62300000
A12: 1 | B12: Tech | C12: DevOps | D12: =Dau_vao!$C$20 -> 1 | E12: =Dau_vao!$D$20 -> 12250000 | F12: =Dau_vao!$E$20 -> 5250000 | G12: =D12*(E12+F12) -> 17500000 | H12: =SUMIFS(G:G, A:A, A12, B:B, B12) -> 62300000
A13: 1 | B13: OPS | C13: Quản lý vận hành | D13: =Dau_vao!$C$21 -> 1 | E13: =Dau_vao!$D$21 -> 10780000 | F13: =Dau_vao!$E$21 -> 4620000 | G13: =D13*(E13+F13) -> 15400000 | H13: =SUMIFS(G:G, A:A, A13, B:B, B13) -> 56700000
A14: 1 | B14: OPS | C14: Triển khai / Delivery | D14: =Dau_vao!$C$22 -> 2 | E14: =Dau_vao!$D$22 -> 5880000 | F14: =Dau_vao!$E$22 -> 2520000 | G14: =D14*(E14+F14) -> 16800000 | H14: =SUMIFS(G:G, A:A, A14, B:B, B14) -> 56700000
A15: 1 | B15: OPS | C15: Kiểm soát & tối ưu | D15: =Dau_vao!$C$23 -> 1 | E15: =Dau_vao!$D$23 -> 7350000 | F15: =Dau_vao!$E$23 -> 3150000 | G15: =D15*(E15+F15) -> 10500000 | H15: =SUMIFS(G:G, A:A, A15, B:B, B15) -> 56700000
A16: 1 | B16: OPS | C16: Hỗ trợ vận hành | D16: =Dau_vao!$C$24 -> 2 | E16: =Dau_vao!$D$24 -> 4900000 | F16: =Dau_vao!$E$24 -> 2100000 | G16: =D16*(E16+F16) -> 14000000 | H16: =SUMIFS(G:G, A:A, A16, B:B, B16) -> 56700000
A17: 2 | B17: Marketing | C17: Manager | D17: =Dau_vao!$C$10 -> 1 | E17: =Dau_vao!$D$10 -> 12250000 | F17: =Dau_vao!$E$10 -> 5250000 | G17: =D17*(E17+F17) -> 17500000 | H17: =SUMIFS(G:G, A:A, A17, B:B, B17) -> 64400000
A18: 2 | B18: Marketing | C18: Performance | D18: =Dau_vao!$C$11 -> 2 | E18: =Dau_vao!$D$11 -> 7350000 | F18: =Dau_vao!$E$11 -> 3150000 | G18: =D18*(E18+F18) -> 21000000 | H18: =SUMIFS(G:G, A:A, A18, B:B, B18) -> 64400000
A19: 2 | B19: Marketing | C19: Content | D19: =Dau_vao!$C$12 -> 2 | E19: =Dau_vao!$D$12 -> 5880000 | F19: =Dau_vao!$E$12 -> 2520000 | G19: =D19*(E19+F19) -> 16800000 | H19: =SUMIFS(G:G, A:A, A19, B:B, B19) -> 64400000
A20: 2 | B20: Marketing | C20: Creative | D20: =Dau_vao!$C$13 -> 1 | E20: =Dau_vao!$D$13 -> 6370000 | F20: =Dau_vao!$E$13 -> 2730000 | G20: =D20*(E20+F20) -> 9100000 | H20: =SUMIFS(G:G, A:A, A20, B:B, B20) -> 64400000
A21: 2 | B21: Sales | C21: Teamlead | D21: =Dau_vao!$C$14 -> 1 | E21: =Dau_vao!$D$14 -> 9800000 | F21: =Dau_vao!$E$14 -> 4200000 | G21: =D21*(E21+F21) -> 14000000 | H21: =SUMIFS(G:G, A:A, A21, B:B, B21) -> 79800000
A22: 2 | B22: Sales | C22: Defence | D22: =Dau_vao!$C$15 -> 2 | E22: =Dau_vao!$D$15 -> 5880000 | F22: =Dau_vao!$E$15 -> 2520000 | G22: =D22*(E22+F22) -> 16800000 | H22: =SUMIFS(G:G, A:A, A22, B:B, B22) -> 79800000
A23: 2 | B23: Sales | C23: Member | D23: =Dau_vao!$C$16 + (2 * Assumptions!$B$6) -> 7 | E23: =Dau_vao!$D$16 -> 4900000 | F23: =Dau_vao!$E$16 -> 2100000 | G23: =D23*(E23+F23) -> 49000000 | H23: =SUMIFS(G:G, A:A, A23, B:B, B23) -> 79800000
A24: 2 | B24: Accountant | C24: Accountant | D24: =Dau_vao!$C$17 -> 1 | E24: =Dau_vao!$D$17 -> 7350000 | F24: =Dau_vao!$E$17 -> 3150000 | G24: =D24*(E24+F24) -> 10500000 | H24: =SUMIFS(G:G, A:A, A24, B:B, B24) -> 10500000
A25: 2 | B25: Tech | C25: Automation | D25: =Dau_vao!$C$18 -> 1 | E25: =Dau_vao!$D$18 -> 9800000 | F25: =Dau_vao!$E$18 -> 4200000 | G25: =D25*(E25+F25) -> 14000000 | H25: =SUMIFS(G:G, A:A, A25, B:B, B25) -> 62300000
A26: 2 | B26: Tech | C26: Fullstack | D26: =Dau_vao!$C$19 -> 2 | E26: =Dau_vao!$D$19 -> 10780000 | F26: =Dau_vao!$E$19 -> 4620000 | G26: =D26*(E26+F26) -> 30800000 | H26: =SUMIFS(G:G, A:A, A26, B:B, B26) -> 62300000
A27: 2 | B27: Tech | C27: DevOps | D27: =Dau_vao!$C$20 -> 1 | E27: =Dau_vao!$D$20 -> 12250000 | F27: =Dau_vao!$E$20 -> 5250000 | G27: =D27*(E27+F27) -> 17500000 | H27: =SUMIFS(G:G, A:A, A27, B:B, B27) -> 62300000
A28: 2 | B28: OPS | C28: Quản lý vận hành | D28: =Dau_vao!$C$21 -> 1 | E28: =Dau_vao!$D$21 -> 10780000 | F28: =Dau_vao!$E$21 -> 4620000 | G28: =D28*(E28+F28) -> 15400000 | H28: =SUMIFS(G:G, A:A, A28, B:B, B28) -> 56700000
A29: 2 | B29: OPS | C29: Triển khai / Delivery | D29: =Dau_vao!$C$22 -> 2 | E29: =Dau_vao!$D$22 -> 5880000 | F29: =Dau_vao!$E$22 -> 2520000 | G29: =D29*(E29+F29) -> 16800000 | H29: =SUMIFS(G:G, A:A, A29, B:B, B29) -> 56700000
A30: 2 | B30: OPS | C30: Kiểm soát & tối ưu | D30: =Dau_vao!$C$23 -> 1 | E30: =Dau_vao!$D$23 -> 7350000 | F30: =Dau_vao!$E$23 -> 3150000 | G30: =D30*(E30+F30) -> 10500000 | H30: =SUMIFS(G:G, A:A, A30, B:B, B30) -> 56700000
A31: 2 | B31: OPS | C31: Hỗ trợ vận hành | D31: =Dau_vao!$C$24 -> 2 | E31: =Dau_vao!$D$24 -> 4900000 | F31: =Dau_vao!$E$24 -> 2100000 | G31: =D31*(E31+F31) -> 14000000 | H31: =SUMIFS(G:G, A:A, A31, B:B, B31) -> 56700000
A32: 3 | B32: Marketing | C32: Manager | D32: =Dau_vao!$C$10 -> 1 | E32: =Dau_vao!$D$10 -> 12250000 | F32: =Dau_vao!$E$10 -> 5250000 | G32: =D32*(E32+F32) -> 17500000 | H32: =SUMIFS(G:G, A:A, A32, B:B, B32) -> 64400000
A33: 3 | B33: Marketing | C33: Performance | D33: =Dau_vao!$C$11 -> 2 | E33: =Dau_vao!$D$11 -> 7350000 | F33: =Dau_vao!$E$11 -> 3150000 | G33: =D33*(E33+F33) -> 21000000 | H33: =SUMIFS(G:G, A:A, A33, B:B, B33) -> 64400000
A34: 3 | B34: Marketing | C34: Content | D34: =Dau_vao!$C$12 -> 2 | E34: =Dau_vao!$D$12 -> 5880000 | F34: =Dau_vao!$E$12 -> 2520000 | G34: =D34*(E34+F34) -> 16800000 | H34: =SUMIFS(G:G, A:A, A34, B:B, B34) -> 64400000
A35: 3 | B35: Marketing | C35: Creative | D35: =Dau_vao!$C$13 -> 1 | E35: =Dau_vao!$D$13 -> 6370000 | F35: =Dau_vao!$E$13 -> 2730000 | G35: =D35*(E35+F35) -> 9100000 | H35: =SUMIFS(G:G, A:A, A35, B:B, B35) -> 64400000
A36: 3 | B36: Sales | C36: Teamlead | D36: =Dau_vao!$C$14 -> 1 | E36: =Dau_vao!$D$14 -> 9800000 | F36: =Dau_vao!$E$14 -> 4200000 | G36: =D36*(E36+F36) -> 14000000 | H36: =SUMIFS(G:G, A:A, A36, B:B, B36) -> 86800000
A37: 3 | B37: Sales | C37: Defence | D37: =Dau_vao!$C$15 -> 2 | E37: =Dau_vao!$D$15 -> 5880000 | F37: =Dau_vao!$E$15 -> 2520000 | G37: =D37*(E37+F37) -> 16800000 | H37: =SUMIFS(G:G, A:A, A37, B:B, B37) -> 86800000
A38: 3 | B38: Sales | C38: Member | D38: =Dau_vao!$C$16 + (3 * Assumptions!$B$6) -> 8 | E38: =Dau_vao!$D$16 -> 4900000 | F38: =Dau_vao!$E$16 -> 2100000 | G38: =D38*(E38+F38) -> 56000000 | H38: =SUMIFS(G:G, A:A, A38, B:B, B38) -> 86800000
A39: 3 | B39: Accountant | C39: Accountant | D39: =Dau_vao!$C$17 -> 1 | E39: =Dau_vao!$D$17 -> 7350000 | F39: =Dau_vao!$E$17 -> 3150000 | G39: =D39*(E39+F39) -> 10500000 | H39: =SUMIFS(G:G, A:A, A39, B:B, B39) -> 10500000
A40: 3 | B40: Tech | C40: Automation | D40: =Dau_vao!$C$18 -> 1 | E40: =Dau_vao!$D$18 -> 9800000 | F40: =Dau_vao!$E$18 -> 4200000 | G40: =D40*(E40+F40) -> 14000000 | H40: =SUMIFS(G:G, A:A, A40, B:B, B40) -> 62300000
A41: 3 | B41: Tech | C41: Fullstack | D41: =Dau_vao!$C$19 -> 2 | E41: =Dau_vao!$D$19 -> 10780000 | F41: =Dau_vao!$E$19 -> 4620000 | G41: =D41*(E41+F41) -> 30800000 | H41: =SUMIFS(G:G, A:A, A41, B:B, B41) -> 62300000
A42: 3 | B42: Tech | C42: DevOps | D42: =Dau_vao!$C$20 -> 1 | E42: =Dau_vao!$D$20 -> 12250000 | F42: =Dau_vao!$E$20 -> 5250000 | G42: =D42*(E42+F42) -> 17500000 | H42: =SUMIFS(G:G, A:A, A42, B:B, B42) -> 62300000
A43: 3 | B43: OPS | C43: Quản lý vận hành | D43: =Dau_vao!$C$21 -> 1 | E43: =Dau_vao!$D$21 -> 10780000 | F43: =Dau_vao!$E$21 -> 4620000 | G43: =D43*(E43+F43) -> 15400000 | H43: =SUMIFS(G:G, A:A, A43, B:B, B43) -> 56700000
A44: 3 | B44: OPS | C44: Triển khai / Delivery | D44: =Dau_vao!$C$22 -> 2 | E44: =Dau_vao!$D$22 -> 5880000 | F44: =Dau_vao!$E$22 -> 2520000 | G44: =D44*(E44+F44) -> 16800000 | H44: =SUMIFS(G:G, A:A, A44, B:B, B44) -> 56700000
A45: 3 | B45: OPS | C45: Kiểm soát & tối ưu | D45: =Dau_vao!$C$23 -> 1 | E45: =Dau_vao!$D$23 -> 7350000 | F45: =Dau_vao!$E$23 -> 3150000 | G45: =D45*(E45+F45) -> 10500000 | H45: =SUMIFS(G:G, A:A, A45, B:B, B45) -> 56700000
A46: 3 | B46: OPS | C46: Hỗ trợ vận hành | D46: =Dau_vao!$C$24 -> 2 | E46: =Dau_vao!$D$24 -> 4900000 | F46: =Dau_vao!$E$24 -> 2100000 | G46: =D46*(E46+F46) -> 14000000 | H46: =SUMIFS(G:G, A:A, A46, B:B, B46) -> 56700000
A47: 4 | B47: Marketing | C47: Manager | D47: =Dau_vao!$C$10 -> 1 | E47: =Dau_vao!$D$10 -> 12250000 | F47: =Dau_vao!$E$10 -> 5250000 | G47: =D47*(E47+F47) -> 17500000 | H47: =SUMIFS(G:G, A:A, A47, B:B, B47) -> 64400000
A48: 4 | B48: Marketing | C48: Performance | D48: =Dau_vao!$C$11 -> 2 | E48: =Dau_vao!$D$11 -> 7350000 | F48: =Dau_vao!$E$11 -> 3150000 | G48: =D48*(E48+F48) -> 21000000 | H48: =SUMIFS(G:G, A:A, A48, B:B, B48) -> 64400000
A49: 4 | B49: Marketing | C49: Content | D49: =Dau_vao!$C$12 -> 2 | E49: =Dau_vao!$D$12 -> 5880000 | F49: =Dau_vao!$E$12 -> 2520000 | G49: =D49*(E49+F49) -> 16800000 | H49: =SUMIFS(G:G, A:A, A49, B:B, B49) -> 64400000
A50: 4 | B50: Marketing | C50: Creative | D50: =Dau_vao!$C$13 -> 1 | E50: =Dau_vao!$D$13 -> 6370000 | F50: =Dau_vao!$E$13 -> 2730000 | G50: =D50*(E50+F50) -> 9100000 | H50: =SUMIFS(G:G, A:A, A50, B:B, B50) -> 64400000
A51: 4 | B51: Sales | C51: Teamlead | D51: =Dau_vao!$C$14 -> 1 | E51: =Dau_vao!$D$14 -> 9800000 | F51: =Dau_vao!$E$14 -> 4200000 | G51: =D51*(E51+F51) -> 14000000 | H51: =SUMIFS(G:G, A:A, A51, B:B, B51) -> 93800000
A52: 4 | B52: Sales | C52: Defence | D52: =Dau_vao!$C$15 -> 2 | E52: =Dau_vao!$D$15 -> 5880000 | F52: =Dau_vao!$E$15 -> 2520000 | G52: =D52*(E52+F52) -> 16800000 | H52: =SUMIFS(G:G, A:A, A52, B:B, B52) -> 93800000
A53: 4 | B53: Sales | C53: Member | D53: =Dau_vao!$C$16 + (4 * Assumptions!$B$6) -> 9 | E53: =Dau_vao!$D$16 -> 4900000 | F53: =Dau_vao!$E$16 -> 2100000 | G53: =D53*(E53+F53) -> 63000000 | H53: =SUMIFS(G:G, A:A, A53, B:B, B53) -> 93800000
A54: 4 | B54: Accountant | C54: Accountant | D54: =Dau_vao!$C$17 -> 1 | E54: =Dau_vao!$D$17 -> 7350000 | F54: =Dau_vao!$E$17 -> 3150000 | G54: =D54*(E54+F54) -> 10500000 | H54: =SUMIFS(G:G, A:A, A54, B:B, B54) -> 10500000
A55: 4 | B55: Tech | C55: Automation | D55: =Dau_vao!$C$18 -> 1 | E55: =Dau_vao!$D$18 -> 9800000 | F55: =Dau_vao!$E$18 -> 4200000 | G55: =D55*(E55+F55) -> 14000000 | H55: =SUMIFS(G:G, A:A, A55, B:B, B55) -> 62300000
A56: 4 | B56: Tech | C56: Fullstack | D56: =Dau_vao!$C$19 -> 2 | E56: =Dau_vao!$D$19 -> 10780000 | F56: =Dau_vao!$E$19 -> 4620000 | G56: =D56*(E56+F56) -> 30800000 | H56: =SUMIFS(G:G, A:A, A56, B:B, B56) -> 62300000
A57: 4 | B57: Tech | C57: DevOps | D57: =Dau_vao!$C$20 -> 1 | E57: =Dau_vao!$D$20 -> 12250000 | F57: =Dau_vao!$E$20 -> 5250000 | G57: =D57*(E57+F57) -> 17500000 | H57: =SUMIFS(G:G, A:A, A57, B:B, B57) -> 62300000
A58: 4 | B58: OPS | C58: Quản lý vận hành | D58: =Dau_vao!$C$21 -> 1 | E58: =Dau_vao!$D$21 -> 10780000 | F58: =Dau_vao!$E$21 -> 4620000 | G58: =D58*(E58+F58) -> 15400000 | H58: =SUMIFS(G:G, A:A, A58, B:B, B58) -> 56700000
A59: 4 | B59: OPS | C59: Triển khai / Delivery | D59: =Dau_vao!$C$22 -> 2 | E59: =Dau_vao!$D$22 -> 5880000 | F59: =Dau_vao!$E$22 -> 2520000 | G59: =D59*(E59+F59) -> 16800000 | H59: =SUMIFS(G:G, A:A, A59, B:B, B59) -> 56700000
A60: 4 | B60: OPS | C60: Kiểm soát & tối ưu | D60: =Dau_vao!$C$23 -> 1 | E60: =Dau_vao!$D$23 -> 7350000 | F60: =Dau_vao!$E$23 -> 3150000 | G60: =D60*(E60+F60) -> 10500000 | H60: =SUMIFS(G:G, A:A, A60, B:B, B60) -> 56700000
A61: 4 | B61: OPS | C61: Hỗ trợ vận hành | D61: =Dau_vao!$C$24 -> 2 | E61: =Dau_vao!$D$24 -> 4900000 | F61: =Dau_vao!$E$24 -> 2100000 | G61: =D61*(E61+F61) -> 14000000 | H61: =SUMIFS(G:G, A:A, A61, B:B, B61) -> 56700000
A62: 5 | B62: Marketing | C62: Manager | D62: =Dau_vao!$C$10 -> 1 | E62: =Dau_vao!$D$10 -> 12250000 | F62: =Dau_vao!$E$10 -> 5250000 | G62: =D62*(E62+F62) -> 17500000 | H62: =SUMIFS(G:G, A:A, A62, B:B, B62) -> 64400000
A63: 5 | B63: Marketing | C63: Performance | D63: =Dau_vao!$C$11 -> 2 | E63: =Dau_vao!$D$11 -> 7350000 | F63: =Dau_vao!$E$11 -> 3150000 | G63: =D63*(E63+F63) -> 21000000 | H63: =SUMIFS(G:G, A:A, A63, B:B, B63) -> 64400000
A64: 5 | B64: Marketing | C64: Content | D64: =Dau_vao!$C$12 -> 2 | E64: =Dau_vao!$D$12 -> 5880000 | F64: =Dau_vao!$E$12 -> 2520000 | G64: =D64*(E64+F64) -> 16800000 | H64: =SUMIFS(G:G, A:A, A64, B:B, B64) -> 64400000
A65: 5 | B65: Marketing | C65: Creative | D65: =Dau_vao!$C$13 -> 1 | E65: =Dau_vao!$D$13 -> 6370000 | F65: =Dau_vao!$E$13 -> 2730000 | G65: =D65*(E65+F65) -> 9100000 | H65: =SUMIFS(G:G, A:A, A65, B:B, B65) -> 64400000
A66: 5 | B66: Sales | C66: Teamlead | D66: =Dau_vao!$C$14 -> 1 | E66: =Dau_vao!$D$14 -> 9800000 | F66: =Dau_vao!$E$14 -> 4200000 | G66: =D66*(E66+F66) -> 14000000 | H66: =SUMIFS(G:G, A:A, A66, B:B, B66) -> 100800000
A67: 5 | B67: Sales | C67: Defence | D67: =Dau_vao!$C$15 -> 2 | E67: =Dau_vao!$D$15 -> 5880000 | F67: =Dau_vao!$E$15 -> 2520000 | G67: =D67*(E67+F67) -> 16800000 | H67: =SUMIFS(G:G, A:A, A67, B:B, B67) -> 100800000
A68: 5 | B68: Sales | C68: Member | D68: =Dau_vao!$C$16 + (5 * Assumptions!$B$6) -> 10 | E68: =Dau_vao!$D$16 -> 4900000 | F68: =Dau_vao!$E$16 -> 2100000 | G68: =D68*(E68+F68) -> 70000000 | H68: =SUMIFS(G:G, A:A, A68, B:B, B68) -> 100800000
A69: 5 | B69: Accountant | C69: Accountant | D69: =Dau_vao!$C$17 -> 1 | E69: =Dau_vao!$D$17 -> 7350000 | F69: =Dau_vao!$E$17 -> 3150000 | G69: =D69*(E69+F69) -> 10500000 | H69: =SUMIFS(G:G, A:A, A69, B:B, B69) -> 10500000
A70: 5 | B70: Tech | C70: Automation | D70: =Dau_vao!$C$18 -> 1 | E70: =Dau_vao!$D$18 -> 9800000 | F70: =Dau_vao!$E$18 -> 4200000 | G70: =D70*(E70+F70) -> 14000000 | H70: =SUMIFS(G:G, A:A, A70, B:B, B70) -> 62300000
A71: 5 | B71: Tech | C71: Fullstack | D71: =Dau_vao!$C$19 -> 2 | E71: =Dau_vao!$D$19 -> 10780000 | F71: =Dau_vao!$E$19 -> 4620000 | G71: =D71*(E71+F71) -> 30800000 | H71: =SUMIFS(G:G, A:A, A71, B:B, B71) -> 62300000
A72: 5 | B72: Tech | C72: DevOps | D72: =Dau_vao!$C$20 -> 1 | E72: =Dau_vao!$D$20 -> 12250000 | F72: =Dau_vao!$E$20 -> 5250000 | G72: =D72*(E72+F72) -> 17500000 | H72: =SUMIFS(G:G, A:A, A72, B:B, B72) -> 62300000
A73: 5 | B73: OPS | C73: Quản lý vận hành | D73: =Dau_vao!$C$21 -> 1 | E73: =Dau_vao!$D$21 -> 10780000 | F73: =Dau_vao!$E$21 -> 4620000 | G73: =D73*(E73+F73) -> 15400000 | H73: =SUMIFS(G:G, A:A, A73, B:B, B73) -> 56700000
A74: 5 | B74: OPS | C74: Triển khai / Delivery | D74: =Dau_vao!$C$22 -> 2 | E74: =Dau_vao!$D$22 -> 5880000 | F74: =Dau_vao!$E$22 -> 2520000 | G74: =D74*(E74+F74) -> 16800000 | H74: =SUMIFS(G:G, A:A, A74, B:B, B74) -> 56700000
A75: 5 | B75: OPS | C75: Kiểm soát & tối ưu | D75: =Dau_vao!$C$23 -> 1 | E75: =Dau_vao!$D$23 -> 7350000 | F75: =Dau_vao!$E$23 -> 3150000 | G75: =D75*(E75+F75) -> 10500000 | H75: =SUMIFS(G:G, A:A, A75, B:B, B75) -> 56700000
A76: 5 | B76: OPS | C76: Hỗ trợ vận hành | D76: =Dau_vao!$C$24 -> 2 | E76: =Dau_vao!$D$24 -> 4900000 | F76: =Dau_vao!$E$24 -> 2100000 | G76: =D76*(E76+F76) -> 14000000 | H76: =SUMIFS(G:G, A:A, A76, B:B, B76) -> 56700000
A77: 6 | B77: Marketing | C77: Manager | D77: =Dau_vao!$C$10 -> 1 | E77: =Dau_vao!$D$10 -> 12250000 | F77: =Dau_vao!$E$10 -> 5250000 | G77: =D77*(E77+F77) -> 17500000 | H77: =SUMIFS(G:G, A:A, A77, B:B, B77) -> 64400000
A78: 6 | B78: Marketing | C78: Performance | D78: =Dau_vao!$C$11 -> 2 | E78: =Dau_vao!$D$11 -> 7350000 | F78: =Dau_vao!$E$11 -> 3150000 | G78: =D78*(E78+F78) -> 21000000 | H78: =SUMIFS(G:G, A:A, A78, B:B, B78) -> 64400000
A79: 6 | B79: Marketing | C79: Content | D79: =Dau_vao!$C$12 -> 2 | E79: =Dau_vao!$D$12 -> 5880000 | F79: =Dau_vao!$E$12 -> 2520000 | G79: =D79*(E79+F79) -> 16800000 | H79: =SUMIFS(G:G, A:A, A79, B:B, B79) -> 64400000
A80: 6 | B80: Marketing | C80: Creative | D80: =Dau_vao!$C$13 -> 1 | E80: =Dau_vao!$D$13 -> 6370000 | F80: =Dau_vao!$E$13 -> 2730000 | G80: =D80*(E80+F80) -> 9100000 | H80: =SUMIFS(G:G, A:A, A80, B:B, B80) -> 64400000
A81: 6 | B81: Sales | C81: Teamlead | D81: =Dau_vao!$C$14 -> 1 | E81: =Dau_vao!$D$14 -> 9800000 | F81: =Dau_vao!$E$14 -> 4200000 | G81: =D81*(E81+F81) -> 14000000 | H81: =SUMIFS(G:G, A:A, A81, B:B, B81) -> 107800000
A82: 6 | B82: Sales | C82: Defence | D82: =Dau_vao!$C$15 -> 2 | E82: =Dau_vao!$D$15 -> 5880000 | F82: =Dau_vao!$E$15 -> 2520000 | G82: =D82*(E82+F82) -> 16800000 | H82: =SUMIFS(G:G, A:A, A82, B:B, B82) -> 107800000
A83: 6 | B83: Sales | C83: Member | D83: =Dau_vao!$C$16 + (6 * Assumptions!$B$6) -> 11 | E83: =Dau_vao!$D$16 -> 4900000 | F83: =Dau_vao!$E$16 -> 2100000 | G83: =D83*(E83+F83) -> 77000000 | H83: =SUMIFS(G:G, A:A, A83, B:B, B83) -> 107800000
A84: 6 | B84: Accountant | C84: Accountant | D84: =Dau_vao!$C$17 -> 1 | E84: =Dau_vao!$D$17 -> 7350000 | F84: =Dau_vao!$E$17 -> 3150000 | G84: =D84*(E84+F84) -> 10500000 | H84: =SUMIFS(G:G, A:A, A84, B:B, B84) -> 10500000
A85: 6 | B85: Tech | C85: Automation | D85: =Dau_vao!$C$18 -> 1 | E85: =Dau_vao!$D$18 -> 9800000 | F85: =Dau_vao!$E$18 -> 4200000 | G85: =D85*(E85+F85) -> 14000000 | H85: =SUMIFS(G:G, A:A, A85, B:B, B85) -> 62300000
A86: 6 | B86: Tech | C86: Fullstack | D86: =Dau_vao!$C$19 -> 2 | E86: =Dau_vao!$D$19 -> 10780000 | F86: =Dau_vao!$E$19 -> 4620000 | G86: =D86*(E86+F86) -> 30800000 | H86: =SUMIFS(G:G, A:A, A86, B:B, B86) -> 62300000
A87: 6 | B87: Tech | C87: DevOps | D87: =Dau_vao!$C$20 -> 1 | E87: =Dau_vao!$D$20 -> 12250000 | F87: =Dau_vao!$E$20 -> 5250000 | G87: =D87*(E87+F87) -> 17500000 | H87: =SUMIFS(G:G, A:A, A87, B:B, B87) -> 62300000
A88: 6 | B88: OPS | C88: Quản lý vận hành | D88: =Dau_vao!$C$21 -> 1 | E88: =Dau_vao!$D$21 -> 10780000 | F88: =Dau_vao!$E$21 -> 4620000 | G88: =D88*(E88+F88) -> 15400000 | H88: =SUMIFS(G:G, A:A, A88, B:B, B88) -> 56700000
A89: 6 | B89: OPS | C89: Triển khai / Delivery | D89: =Dau_vao!$C$22 -> 2 | E89: =Dau_vao!$D$22 -> 5880000 | F89: =Dau_vao!$E$22 -> 2520000 | G89: =D89*(E89+F89) -> 16800000 | H89: =SUMIFS(G:G, A:A, A89, B:B, B89) -> 56700000
A90: 6 | B90: OPS | C90: Kiểm soát & tối ưu | D90: =Dau_vao!$C$23 -> 1 | E90: =Dau_vao!$D$23 -> 7350000 | F90: =Dau_vao!$E$23 -> 3150000 | G90: =D90*(E90+F90) -> 10500000 | H90: =SUMIFS(G:G, A:A, A90, B:B, B90) -> 56700000
A91: 6 | B91: OPS | C91: Hỗ trợ vận hành | D91: =Dau_vao!$C$24 -> 2 | E91: =Dau_vao!$D$24 -> 4900000 | F91: =Dau_vao!$E$24 -> 2100000 | G91: =D91*(E91+F91) -> 14000000 | H91: =SUMIFS(G:G, A:A, A91, B:B, B91) -> 56700000
A92: 7 | B92: Marketing | C92: Manager | D92: =Dau_vao!$C$10 -> 1 | E92: =Dau_vao!$D$10 -> 12250000 | F92: =Dau_vao!$E$10 -> 5250000 | G92: =D92*(E92+F92) -> 17500000 | H92: =SUMIFS(G:G, A:A, A92, B:B, B92) -> 64400000
A93: 7 | B93: Marketing | C93: Performance | D93: =Dau_vao!$C$11 -> 2 | E93: =Dau_vao!$D$11 -> 7350000 | F93: =Dau_vao!$E$11 -> 3150000 | G93: =D93*(E93+F93) -> 21000000 | H93: =SUMIFS(G:G, A:A, A93, B:B, B93) -> 64400000
A94: 7 | B94: Marketing | C94: Content | D94: =Dau_vao!$C$12 -> 2 | E94: =Dau_vao!$D$12 -> 5880000 | F94: =Dau_vao!$E$12 -> 2520000 | G94: =D94*(E94+F94) -> 16800000 | H94: =SUMIFS(G:G, A:A, A94, B:B, B94) -> 64400000
A95: 7 | B95: Marketing | C95: Creative | D95: =Dau_vao!$C$13 -> 1 | E95: =Dau_vao!$D$13 -> 6370000 | F95: =Dau_vao!$E$13 -> 2730000 | G95: =D95*(E95+F95) -> 9100000 | H95: =SUMIFS(G:G, A:A, A95, B:B, B95) -> 64400000
A96: 7 | B96: Sales | C96: Teamlead | D96: =Dau_vao!$C$14 -> 1 | E96: =Dau_vao!$D$14 -> 9800000 | F96: =Dau_vao!$E$14 -> 4200000 | G96: =D96*(E96+F96) -> 14000000 | H96: =SUMIFS(G:G, A:A, A96, B:B, B96) -> 114800000
A97: 7 | B97: Sales | C97: Defence | D97: =Dau_vao!$C$15 -> 2 | E97: =Dau_vao!$D$15 -> 5880000 | F97: =Dau_vao!$E$15 -> 2520000 | G97: =D97*(E97+F97) -> 16800000 | H97: =SUMIFS(G:G, A:A, A97, B:B, B97) -> 114800000
A98: 7 | B98: Sales | C98: Member | D98: =Dau_vao!$C$16 + (7 * Assumptions!$B$6) -> 12 | E98: =Dau_vao!$D$16 -> 4900000 | F98: =Dau_vao!$E$16 -> 2100000 | G98: =D98*(E98+F98) -> 84000000 | H98: =SUMIFS(G:G, A:A, A98, B:B, B98) -> 114800000
A99: 7 | B99: Accountant | C99: Accountant | D99: =Dau_vao!$C$17 -> 1 | E99: =Dau_vao!$D$17 -> 7350000 | F99: =Dau_vao!$E$17 -> 3150000 | G99: =D99*(E99+F99) -> 10500000 | H99: =SUMIFS(G:G, A:A, A99, B:B, B99) -> 10500000
A100: 7 | B100: Tech | C100: Automation | D100: =Dau_vao!$C$18 -> 1 | E100: =Dau_vao!$D$18 -> 9800000 | F100: =Dau_vao!$E$18 -> 4200000 | G100: =D100*(E100+F100) -> 14000000 | H100: =SUMIFS(G:G, A:A, A100, B:B, B100) -> 62300000
...

Sheet KPI_theo_ban
A1: Tháng | B1: Ban | C1: Tổng người | D1: Quỹ lương | E1: Công việc | F1: KPI | G1: Ghi chú
A2: 1 | B2: Marketing | C2: =SUMIFS(Luong_theo_ban!D:D, Luong_theo_ban!A:A, A2, Luong_theo_ban!B:B, B2) -> 6 | D2: =SUMIFS(Luong_theo_ban!G:G, Luong_theo_ban!A:A, A2, Luong_theo_ban!B:B, B2) -> 64400000
A3: 1 | B3: Sales | C3: =SUMIFS(Luong_theo_ban!D:D, Luong_theo_ban!A:A, A3, Luong_theo_ban!B:B, B3) -> 9 | D3: =SUMIFS(Luong_theo_ban!G:G, Luong_theo_ban!A:A, A3, Luong_theo_ban!B:B, B3) -> 72800000
A4: 1 | B4: Accountant | C4: =SUMIFS(Luong_theo_ban!D:D, Luong_theo_ban!A:A, A4, Luong_theo_ban!B:B, B4) -> 1 | D4: =SUMIFS(Luong_theo_ban!G:G, Luong_theo_ban!A:A, A4, Luong_theo_ban!B:B, B4) -> 10500000
A5: 1 | B5: Tech | C5: =SUMIFS(Luong_theo_ban!D:D, Luong_theo_ban!A:A, A5, Luong_theo_ban!B:B, B5) -> 4 | D5: =SUMIFS(Luong_theo_ban!G:G, Luong_theo_ban!A:A, A5, Luong_theo_ban!B:B, B5) -> 62300000
A6: 1 | B6: OPS | C6: =SUMIFS(Luong_theo_ban!D:D, Luong_theo_ban!A:A, A6, Luong_theo_ban!B:B, B6) -> 6 | D6: =SUMIFS(Luong_theo_ban!G:G, Luong_theo_ban!A:A, A6, Luong_theo_ban!B:B, B6) -> 56700000
A7: 2 | B7: Marketing | C7: =SUMIFS(Luong_theo_ban!D:D, Luong_theo_ban!A:A, A7, Luong_theo_ban!B:B, B7) -> 6 | D7: =SUMIFS(Luong_theo_ban!G:G, Luong_theo_ban!A:A, A7, Luong_theo_ban!B:B, B7) -> 64400000
A8: 2 | B8: Sales | C8: =SUMIFS(Luong_theo_ban!D:D, Luong_theo_ban!A:A, A8, Luong_theo_ban!B:B, B8) -> 10 | D8: =SUMIFS(Luong_theo_ban!G:G, Luong_theo_ban!A:A, A8, Luong_theo_ban!B:B, B8) -> 79800000
A9: 2 | B9: Accountant | C9: =SUMIFS(Luong_theo_ban!D:D, Luong_theo_ban!A:A, A9, Luong_theo_ban!B:B, B9) -> 1 | D9: =SUMIFS(Luong_theo_ban!G:G, Luong_theo_ban!A:A, A9, Luong_theo_ban!B:B, B9) -> 10500000
A10: 2 | B10: Tech | C10: =SUMIFS(Luong_theo_ban!D:D, Luong_theo_ban!A:A, A10, Luong_theo_ban!B:B, B10) -> 4 | D10: =SUMIFS(Luong_theo_ban!G:G, Luong_theo_ban!A:A, A10, Luong_theo_ban!B:B, B10) -> 62300000
A11: 2 | B11: OPS | C11: =SUMIFS(Luong_theo_ban!D:D, Luong_theo_ban!A:A, A11, Luong_theo_ban!B:B, B11) -> 6 | D11: =SUMIFS(Luong_theo_ban!G:G, Luong_theo_ban!A:A, A11, Luong_theo_ban!B:B, B11) -> 56700000
A12: 3 | B12: Marketing | C12: =SUMIFS(Luong_theo_ban!D:D, Luong_theo_ban!A:A, A12, Luong_theo_ban!B:B, B12) -> 6 | D12: =SUMIFS(Luong_theo_ban!G:G, Luong_theo_ban!A:A, A12, Luong_theo_ban!B:B, B12) -> 64400000
A13: 3 | B13: Sales | C13: =SUMIFS(Luong_theo_ban!D:D, Luong_theo_ban!A:A, A13, Luong_theo_ban!B:B, B13) -> 11 | D13: =SUMIFS(Luong_theo_ban!G:G, Luong_theo_ban!A:A, A13, Luong_theo_ban!B:B, B13) -> 86800000
... A61: 12 | B61: OPS | C61: =SUMIFS(Luong_theo_ban!D:D, Luong_theo_ban!A:A, A61, Luong_theo_ban!B:B, B61) -> 6 | D61: =SUMIFS(Luong_theo_ban!G:G, Luong_theo_ban!A:A, A61, Luong_theo_ban!B:B, B61) -> 56700000
